experiment,setup,repeat,dl_repeat,seed,model,fold,train_rows,test_rows,status,reason,auc,f1,accuracy,precision,recall,train_time_sec,logreg_c,logreg_max_iter,logreg_class_weight,decision_threshold,train_fraction,dl_tuner
apr20_full_matrix_with_dl,baseline,1,1.0,100,dl_cibuild_default,1,2870,574,ok,,0.8839876543209876,0.8690476190476191,0.8850174216027874,0.8622047244094488,0.876,76.0568188279999,1.0,1000,none,0.5,1.0,default
apr20_full_matrix_with_dl,baseline,1,1.0,101,dl_cibuild_default,2,3444,574,ok,,0.7148541746092262,0.49473684210526314,0.8327526132404182,0.4519230769230769,0.5465116279069767,93.28575538199993,1.0,1000,none,0.5,1.0,default
apr20_full_matrix_with_dl,baseline,1,1.0,102,dl_cibuild_default,3,4018,574,ok,,0.7312424969987995,0.5145228215767634,0.7961672473867596,0.43356643356643354,0.6326530612244898,103.22602032000032,1.0,1000,none,0.5,1.0,default
apr20_full_matrix_with_dl,baseline,1,1.0,103,dl_cibuild_default,4,4592,574,ok,,0.6982751379049646,0.4039408866995074,0.789198606271777,0.3106060606060606,0.5774647887323944,115.99903486999983,1.0,1000,none,0.5,1.0,default
apr20_full_matrix_with_dl,baseline,1,1.0,104,dl_cibuild_default,5,5166,574,ok,,0.624383916990921,0.28,0.7491289198606271,0.2,0.4666666666666667,108.68844625099973,1.0,1000,none,0.5,1.0,default
apr20_full_matrix_with_dl,baseline,1,,42,logistic_regression,1,2870,574,ok,,0.37466666666666665,0.3902439024390244,0.34668989547038326,0.3287671232876712,0.48,0.11288092700033303,1.0,1000,none,0.5,1.0,
apr20_full_matrix_with_dl,baseline,1,,42,logistic_regression,2,3444,574,ok,,0.4826772779260389,0.2206896551724138,0.4094076655052265,0.13753581661891118,0.5581395348837209,0.1659227169998303,1.0,1000,none,0.5,1.0,
apr20_full_matrix_with_dl,baseline,1,,42,logistic_regression,3,4018,574,ok,,0.5737866575201509,0.01904761904761905,0.8205574912891986,0.14285714285714285,0.01020408163265306,0.178574350999952,1.0,1000,none,0.5,1.0,
apr20_full_matrix_with_dl,baseline,1,,42,logistic_regression,4,4592,574,ok,,0.5964774731890349,0.1,0.8745644599303136,0.4444444444444444,0.056338028169014086,0.2092999559999953,1.0,1000,none,0.5,1.0,
apr20_full_matrix_with_dl,baseline,1,,42,logistic_regression,5,5166,574,ok,,0.4656614785992218,0.0,0.8954703832752613,0.0,0.0,0.27221390099975906,1.0,1000,none,0.5,1.0,
apr20_full_matrix_with_dl,baseline,1,,42,majority_class,1,2870,574,ok,,0.5,0.0,0.5644599303135889,0.0,0.0,0.0005257640000309038,1.0,1000,none,0.5,1.0,
apr20_full_matrix_with_dl,baseline,1,,42,majority_class,2,3444,574,ok,,0.5,0.0,0.8501742160278746,0.0,0.0,0.0003998590000264812,1.0,1000,none,0.5,1.0,
apr20_full_matrix_with_dl,baseline,1,,42,majority_class,3,4018,574,ok,,0.5,0.0,0.8292682926829268,0.0,0.0,0.0003424940000513743,1.0,1000,none,0.5,1.0,
apr20_full_matrix_with_dl,baseline,1,,42,majority_class,4,4592,574,ok,,0.5,0.0,0.8763066202090593,0.0,0.0,0.0003630479995990754,1.0,1000,none,0.5,1.0,
apr20_full_matrix_with_dl,baseline,1,,42,majority_class,5,5166,574,ok,,0.5,0.0,0.8954703832752613,0.0,0.0,0.0003996290001850866,1.0,1000,none,0.5,1.0,
apr20_full_matrix_with_dl,baseline,2,2.0,101,dl_cibuild_default,1,2870,574,ok,,0.880506172839506,0.8648648648648649,0.8867595818815331,0.9004329004329005,0.832,74.23181566199992,1.0,1000,none,0.5,1.0,default
apr20_full_matrix_with_dl,baseline,2,2.0,102,dl_cibuild_default,2,3444,574,ok,,0.7128049942813572,0.4895833333333333,0.8292682926829268,0.44339622641509435,0.5465116279069767,98.20428984,1.0,1000,none,0.5,1.0,default
apr20_full_matrix_with_dl,baseline,2,2.0,103,dl_cibuild_default,3,4018,574,ok,,0.7262905162064827,0.5128205128205128,0.8013937282229965,0.4411764705882353,0.6122448979591837,100.39890154300019,1.0,1000,none,0.5,1.0,default
apr20_full_matrix_with_dl,baseline,2,2.0,104,dl_cibuild_default,4,4592,574,ok,,0.7000952034273235,0.42162162162162165,0.813588850174216,0.34210526315789475,0.5492957746478874,118.94268963799959,1.0,1000,none,0.5,1.0,default
apr20_full_matrix_with_dl,baseline,2,2.0,105,dl_cibuild_default,5,5166,574,ok,,0.6277237354085603,0.2887700534759358,0.7682926829268293,0.2125984251968504,0.45,111.80138816699991,1.0,1000,none,0.5,1.0,default
apr20_full_matrix_with_dl,baseline,2,,43,logistic_regression,1,2870,574,ok,,0.37466666666666665,0.3902439024390244,0.34668989547038326,0.3287671232876712,0.48,0.07826393000004828,1.0,1000,none,0.5,1.0,
apr20_full_matrix_with_dl,baseline,2,,43,logistic_regression,2,3444,574,ok,,0.4826772779260389,0.2206896551724138,0.4094076655052265,0.13753581661891118,0.5581395348837209,0.31823628100028145,1.0,1000,none,0.5,1.0,
apr20_full_matrix_with_dl,baseline,2,,43,logistic_regression,3,4018,574,ok,,0.5737866575201509,0.01904761904761905,0.8205574912891986,0.14285714285714285,0.01020408163265306,0.3674370919998182,1.0,1000,none,0.5,1.0,
apr20_full_matrix_with_dl,baseline,2,,43,logistic_regression,4,4592,574,ok,,0.5964774731890349,0.1,0.8745644599303136,0.4444444444444444,0.056338028169014086,0.30080139900019276,1.0,1000,none,0.5,1.0,
apr20_full_matrix_with_dl,baseline,2,,43,logistic_regression,5,5166,574,ok,,0.4656614785992218,0.0,0.8954703832752613,0.0,0.0,0.41215034000015294,1.0,1000,none,0.5,1.0,
apr20_full_matrix_with_dl,baseline,2,,43,majority_class,1,2870,574,ok,,0.5,0.0,0.5644599303135889,0.0,0.0,0.00032593500009170384,1.0,1000,none,0.5,1.0,
apr20_full_matrix_with_dl,baseline,2,,43,majority_class,2,3444,574,ok,,0.5,0.0,0.8501742160278746,0.0,0.0,0.00033566899992365506,1.0,1000,none,0.5,1.0,
apr20_full_matrix_with_dl,baseline,2,,43,majority_class,3,4018,574,ok,,0.5,0.0,0.8292682926829268,0.0,0.0,0.00035455699980957434,1.0,1000,none,0.5,1.0,
apr20_full_matrix_with_dl,baseline,2,,43,majority_class,4,4592,574,ok,,0.5,0.0,0.8763066202090593,0.0,0.0,0.0003952800002480217,1.0,1000,none,0.5,1.0,
apr20_full_matrix_with_dl,baseline,2,,43,majority_class,5,5166,574,ok,,0.5,0.0,0.8954703832752613,0.0,0.0,0.00035643000001073233,1.0,1000,none,0.5,1.0,
apr20_full_matrix_with_dl,baseline,3,3.0,102,dl_cibuild_default,1,2870,574,ok,,0.8857037037037037,0.8709677419354839,0.8885017421602788,0.8780487804878049,0.864,82.27015319800012,1.0,1000,none,0.5,1.0,default
apr20_full_matrix_with_dl,baseline,3,3.0,103,dl_cibuild_default,2,3444,574,ok,,0.7042508577964163,0.48128342245989303,0.8310104529616724,0.44554455445544555,0.5232558139534884,94.65737577599975,1.0,1000,none,0.5,1.0,default
apr20_full_matrix_with_dl,baseline,3,3.0,104,dl_cibuild_default,3,4018,574,ok,,0.7198379351740697,0.4959349593495935,0.7839721254355401,0.41216216216216217,0.6224489795918368,85.8661124360001,1.0,1000,none,0.5,1.0,default
apr20_full_matrix_with_dl,baseline,3,3.0,105,dl_cibuild_default,4,4592,574,ok,,0.6876767563632291,0.36585365853658536,0.7282229965156795,0.2571428571428571,0.6338028169014085,98.97430094900028,1.0,1000,none,0.5,1.0,default
apr20_full_matrix_with_dl,baseline,3,3.0,106,dl_cibuild_default,5,5166,574,ok,,0.6102464332036316,0.2898550724637681,0.8292682926829268,0.2564102564102564,0.3333333333333333,115.64691505000019,1.0,1000,none,0.5,1.0,default
apr20_full_matrix_with_dl,baseline,3,,44,logistic_regression,1,2870,574,ok,,0.37466666666666665,0.3902439024390244,0.34668989547038326,0.3287671232876712,0.48,0.4418582889998106,1.0,1000,none,0.5,1.0,
apr20_full_matrix_with_dl,baseline,3,,44,logistic_regression,2,3444,574,ok,,0.4826772779260389,0.2206896551724138,0.4094076655052265,0.13753581661891118,0.5581395348837209,0.08063764600001377,1.0,1000,none,0.5,1.0,
apr20_full_matrix_with_dl,baseline,3,,44,logistic_regression,3,4018,574,ok,,0.5737866575201509,0.01904761904761905,0.8205574912891986,0.14285714285714285,0.01020408163265306,0.22514668199983134,1.0,1000,none,0.5,1.0,
apr20_full_matrix_with_dl,baseline,3,,44,logistic_regression,4,4592,574,ok,,0.5964774731890349,0.1,0.8745644599303136,0.4444444444444444,0.056338028169014086,0.39259550399992804,1.0,1000,none,0.5,1.0,
apr20_full_matrix_with_dl,baseline,3,,44,logistic_regression,5,5166,574,ok,,0.4656614785992218,0.0,0.8954703832752613,0.0,0.0,0.23005155700002433,1.0,1000,none,0.5,1.0,
apr20_full_matrix_with_dl,baseline,3,,44,majority_class,1,2870,574,ok,,0.5,0.0,0.5644599303135889,0.0,0.0,0.00039028099990900955,1.0,1000,none,0.5,1.0,
apr20_full_matrix_with_dl,baseline,3,,44,majority_class,2,3444,574,ok,,0.5,0.0,0.8501742160278746,0.0,0.0,0.0003395370004000142,1.0,1000,none,0.5,1.0,
apr20_full_matrix_with_dl,baseline,3,,44,majority_class,3,4018,574,ok,,0.5,0.0,0.8292682926829268,0.0,0.0,0.00037624899960064795,1.0,1000,none,0.5,1.0,
apr20_full_matrix_with_dl,baseline,3,,44,majority_class,4,4592,574,ok,,0.5,0.0,0.8763066202090593,0.0,0.0,0.00035674100035976153,1.0,1000,none,0.5,1.0,
apr20_full_matrix_with_dl,baseline,3,,44,majority_class,5,5166,574,ok,,0.5,0.0,0.8954703832752613,0.0,0.0,0.0003689659997689887,1.0,1000,none,0.5,1.0,
apr20_full_matrix_with_dl,baseline,4,4.0,103,dl_cibuild_default,1,2870,574,ok,,0.8883333333333332,0.8739837398373984,0.89198606271777,0.8884297520661157,0.86,75.64976591999994,1.0,1000,none,0.5,1.0,default
apr20_full_matrix_with_dl,baseline,4,4.0,104,dl_cibuild_default,2,3444,574,ok,,0.7022255051467785,0.45933014354066987,0.8031358885017421,0.3902439024390244,0.5581395348837209,81.99361337800019,1.0,1000,none,0.5,1.0,default
apr20_full_matrix_with_dl,baseline,4,4.0,105,dl_cibuild_default,3,4018,574,ok,,0.7106842737094838,0.5148514851485149,0.8292682926829268,0.5,0.5306122448979592,89.20623483199961,1.0,1000,none,0.5,1.0,default
apr20_full_matrix_with_dl,baseline,4,4.0,106,dl_cibuild_default,4,4592,574,ok,,0.7062274241872708,0.4205128205128205,0.8031358885017421,0.33064516129032256,0.5774647887323944,110.76424677500017,1.0,1000,none,0.5,1.0,default
apr20_full_matrix_with_dl,baseline,4,4.0,107,dl_cibuild_default,5,5166,574,ok,,0.6125810635538262,0.2694300518134715,0.7543554006968641,0.19548872180451127,0.43333333333333335,114.08245508100026,1.0,1000,none,0.5,1.0,default
apr20_full_matrix_with_dl,baseline,4,,45,logistic_regression,1,2870,574,ok,,0.37466666666666665,0.3902439024390244,0.34668989547038326,0.3287671232876712,0.48,0.21368999500009522,1.0,1000,none,0.5,1.0,
apr20_full_matrix_with_dl,baseline,4,,45,logistic_regression,2,3444,574,ok,,0.4826772779260389,0.2206896551724138,0.4094076655052265,0.13753581661891118,0.5581395348837209,0.2247235009999713,1.0,1000,none,0.5,1.0,
apr20_full_matrix_with_dl,baseline,4,,45,logistic_regression,3,4018,574,ok,,0.5737866575201509,0.01904761904761905,0.8205574912891986,0.14285714285714285,0.01020408163265306,0.10380060299985416,1.0,1000,none,0.5,1.0,
apr20_full_matrix_with_dl,baseline,4,,45,logistic_regression,4,4592,574,ok,,0.5964774731890349,0.1,0.8745644599303136,0.4444444444444444,0.056338028169014086,0.18405709100034073,1.0,1000,none,0.5,1.0,
apr20_full_matrix_with_dl,baseline,4,,45,logistic_regression,5,5166,574,ok,,0.4656614785992218,0.0,0.8954703832752613,0.0,0.0,0.2670185649999439,1.0,1000,none,0.5,1.0,
apr20_full_matrix_with_dl,baseline,4,,45,majority_class,1,2870,574,ok,,0.5,0.0,0.5644599303135889,0.0,0.0,0.0003393530000721512,1.0,1000,none,0.5,1.0,
apr20_full_matrix_with_dl,baseline,4,,45,majority_class,2,3444,574,ok,,0.5,0.0,0.8501742160278746,0.0,0.0,0.0003369660003045283,1.0,1000,none,0.5,1.0,
apr20_full_matrix_with_dl,baseline,4,,45,majority_class,3,4018,574,ok,,0.5,0.0,0.8292682926829268,0.0,0.0,0.00034292300006200094,1.0,1000,none,0.5,1.0,
apr20_full_matrix_with_dl,baseline,4,,45,majority_class,4,4592,574,ok,,0.5,0.0,0.8763066202090593,0.0,0.0,0.00038335599992933567,1.0,1000,none,0.5,1.0,
apr20_full_matrix_with_dl,baseline,4,,45,majority_class,5,5166,574,ok,,0.5,0.0,0.8954703832752613,0.0,0.0,0.0003595349999159225,1.0,1000,none,0.5,1.0,
apr20_full_matrix_with_dl,baseline,5,5.0,104,dl_cibuild_default,1,2870,574,ok,,0.8921604938271605,0.8782435129740519,0.8937282229965157,0.8764940239043825,0.88,81.88364797000031,1.0,1000,none,0.5,1.0,default
apr20_full_matrix_with_dl,baseline,5,5.0,105,dl_cibuild_default,2,3444,574,ok,,0.7045844452916508,0.4888888888888889,0.8397212543554007,0.46808510638297873,0.5116279069767442,85.64759284299998,1.0,1000,none,0.5,1.0,default
apr20_full_matrix_with_dl,baseline,5,5.0,106,dl_cibuild_default,3,4018,574,ok,,0.7163865546218487,0.509090909090909,0.8118466898954704,0.45901639344262296,0.5714285714285714,105.97916587300006,1.0,1000,none,0.5,1.0,default
apr20_full_matrix_with_dl,baseline,5,5.0,107,dl_cibuild_default,4,4592,574,ok,,0.7024192870943354,0.4,0.7752613240418118,0.2986111111111111,0.6056338028169014,109.92486114199983,1.0,1000,none,0.5,1.0,default
apr20_full_matrix_with_dl,baseline,5,5.0,108,dl_cibuild_default,5,5166,574,ok,,0.6204928664072634,0.27450980392156865,0.7421602787456446,0.19444444444444445,0.4666666666666667,111.1030225049999,1.0,1000,none,0.5,1.0,default
apr20_full_matrix_with_dl,baseline,5,,46,logistic_regression,1,2870,574,ok,,0.37466666666666665,0.3902439024390244,0.34668989547038326,0.3287671232876712,0.48,0.20731086400019194,1.0,1000,none,0.5,1.0,
apr20_full_matrix_with_dl,baseline,5,,46,logistic_regression,2,3444,574,ok,,0.4826772779260389,0.2206896551724138,0.4094076655052265,0.13753581661891118,0.5581395348837209,0.09221121700011281,1.0,1000,none,0.5,1.0,
apr20_full_matrix_with_dl,baseline,5,,46,logistic_regression,3,4018,574,ok,,0.5737866575201509,0.01904761904761905,0.8205574912891986,0.14285714285714285,0.01020408163265306,0.1659101710001778,1.0,1000,none,0.5,1.0,
apr20_full_matrix_with_dl,baseline,5,,46,logistic_regression,4,4592,574,ok,,0.5964774731890349,0.1,0.8745644599303136,0.4444444444444444,0.056338028169014086,0.11534097899993867,1.0,1000,none,0.5,1.0,
apr20_full_matrix_with_dl,baseline,5,,46,logistic_regression,5,5166,574,ok,,0.4656614785992218,0.0,0.8954703832752613,0.0,0.0,0.13952575199982675,1.0,1000,none,0.5,1.0,
apr20_full_matrix_with_dl,baseline,5,,46,majority_class,1,2870,574,ok,,0.5,0.0,0.5644599303135889,0.0,0.0,0.0003349620001245057,1.0,1000,none,0.5,1.0,
apr20_full_matrix_with_dl,baseline,5,,46,majority_class,2,3444,574,ok,,0.5,0.0,0.8501742160278746,0.0,0.0,0.0003555080002115574,1.0,1000,none,0.5,1.0,
apr20_full_matrix_with_dl,baseline,5,,46,majority_class,3,4018,574,ok,,0.5,0.0,0.8292682926829268,0.0,0.0,0.0004042300001856347,1.0,1000,none,0.5,1.0,
apr20_full_matrix_with_dl,baseline,5,,46,majority_class,4,4592,574,ok,,0.5,0.0,0.8763066202090593,0.0,0.0,0.0003608839997468749,1.0,1000,none,0.5,1.0,
apr20_full_matrix_with_dl,baseline,5,,46,majority_class,5,5166,574,ok,,0.5,0.0,0.8954703832752613,0.0,0.0,0.0004005509999842616,1.0,1000,none,0.5,1.0,
apr20_full_matrix_with_dl,baseline,6,6.0,105,dl_cibuild_default,1,2870,574,ok,,0.8814197530864197,0.865979381443299,0.8867595818815331,0.8936170212765957,0.84,75.93770751299962,1.0,1000,none,0.5,1.0,default
apr20_full_matrix_with_dl,baseline,6,6.0,106,dl_cibuild_default,2,3444,574,ok,,0.7008196721311476,0.4858757062146893,0.8414634146341463,0.4725274725274725,0.5,96.1818482460003,1.0,1000,none,0.5,1.0,default
apr20_full_matrix_with_dl,baseline,6,6.0,107,dl_cibuild_default,3,4018,574,ok,,0.7258403361344538,0.5,0.7804878048780488,0.4090909090909091,0.6428571428571429,96.93805937800062,1.0,1000,none,0.5,1.0,default
apr20_full_matrix_with_dl,baseline,6,6.0,108,dl_cibuild_default,4,4592,574,ok,,0.6900708425503318,0.40641711229946526,0.8066202090592335,0.3275862068965517,0.5352112676056338,103.79958940699998,1.0,1000,none,0.5,1.0,default
apr20_full_matrix_with_dl,baseline,6,6.0,109,dl_cibuild_default,5,5166,574,ok,,0.6179961089494164,0.27411167512690354,0.7508710801393729,0.19708029197080293,0.45,111.5171794529997,1.0,1000,none,0.5,1.0,default
apr20_full_matrix_with_dl,baseline,6,,47,logistic_regression,1,2870,574,ok,,0.37466666666666665,0.3902439024390244,0.34668989547038326,0.3287671232876712,0.48,0.11930528699986098,1.0,1000,none,0.5,1.0,
apr20_full_matrix_with_dl,baseline,6,,47,logistic_regression,2,3444,574,ok,,0.4826772779260389,0.2206896551724138,0.4094076655052265,0.13753581661891118,0.5581395348837209,0.11340115799976047,1.0,1000,none,0.5,1.0,
apr20_full_matrix_with_dl,baseline,6,,47,logistic_regression,3,4018,574,ok,,0.5737866575201509,0.01904761904761905,0.8205574912891986,0.14285714285714285,0.01020408163265306,0.14774585599980128,1.0,1000,none,0.5,1.0,
apr20_full_matrix_with_dl,baseline,6,,47,logistic_regression,4,4592,574,ok,,0.5964774731890349,0.1,0.8745644599303136,0.4444444444444444,0.056338028169014086,0.40270399800010637,1.0,1000,none,0.5,1.0,
apr20_full_matrix_with_dl,baseline,6,,47,logistic_regression,5,5166,574,ok,,0.4656614785992218,0.0,0.8954703832752613,0.0,0.0,0.2612938900001609,1.0,1000,none,0.5,1.0,
apr20_full_matrix_with_dl,baseline,6,,47,majority_class,1,2870,574,ok,,0.5,0.0,0.5644599303135889,0.0,0.0,0.0003366350001670071,1.0,1000,none,0.5,1.0,
apr20_full_matrix_with_dl,baseline,6,,47,majority_class,2,3444,574,ok,,0.5,0.0,0.8501742160278746,0.0,0.0,0.00039468400018449756,1.0,1000,none,0.5,1.0,
apr20_full_matrix_with_dl,baseline,6,,47,majority_class,3,4018,574,ok,,0.5,0.0,0.8292682926829268,0.0,0.0,0.0003906770002686244,1.0,1000,none,0.5,1.0,
apr20_full_matrix_with_dl,baseline,6,,47,majority_class,4,4592,574,ok,,0.5,0.0,0.8763066202090593,0.0,0.0,0.0004389390001051652,1.0,1000,none,0.5,1.0,
apr20_full_matrix_with_dl,baseline,6,,47,majority_class,5,5166,574,ok,,0.5,0.0,0.8954703832752613,0.0,0.0,0.00036349799984236597,1.0,1000,none,0.5,1.0,
apr20_full_matrix_with_dl,baseline,7,7.0,106,dl_cibuild_default,1,2870,574,ok,,0.8847901234567901,0.8699186991869918,0.8885017421602788,0.8842975206611571,0.856,77.11528554100005,1.0,1000,none,0.5,1.0,default
apr20_full_matrix_with_dl,baseline,7,7.0,107,dl_cibuild_default,2,3444,574,ok,,0.7063238658025163,0.4682926829268293,0.8101045296167247,0.40336134453781514,0.5581395348837209,95.28739108100035,1.0,1000,none,0.5,1.0,default
apr20_full_matrix_with_dl,baseline,7,7.0,108,dl_cibuild_default,3,4018,574,ok,,0.7264405762304922,0.49070631970260226,0.7613240418118467,0.38596491228070173,0.673469387755102,92.46823336699981,1.0,1000,none,0.5,1.0,default
apr20_full_matrix_with_dl,baseline,7,7.0,109,dl_cibuild_default,4,4592,574,ok,,0.7023352840702266,0.4057971014492754,0.7857142857142857,0.3088235294117647,0.5915492957746479,104.54885098700015,1.0,1000,none,0.5,1.0,default
apr20_full_matrix_with_dl,baseline,7,7.0,110,dl_cibuild_default,5,5166,574,ok,,0.614396887159533,0.27906976744186046,0.7839721254355401,0.21428571428571427,0.4,107.48374480199982,1.0,1000,none,0.5,1.0,default
apr20_full_matrix_with_dl,baseline,7,,48,logistic_regression,1,2870,574,ok,,0.37466666666666665,0.3902439024390244,0.34668989547038326,0.3287671232876712,0.48,0.22894114300015644,1.0,1000,none,0.5,1.0,
apr20_full_matrix_with_dl,baseline,7,,48,logistic_regression,2,3444,574,ok,,0.4826772779260389,0.2206896551724138,0.4094076655052265,0.13753581661891118,0.5581395348837209,0.1619254130000627,1.0,1000,none,0.5,1.0,
apr20_full_matrix_with_dl,baseline,7,,48,logistic_regression,3,4018,574,ok,,0.5737866575201509,0.01904761904761905,0.8205574912891986,0.14285714285714285,0.01020408163265306,0.25725494900007106,1.0,1000,none,0.5,1.0,
apr20_full_matrix_with_dl,baseline,7,,48,logistic_regression,4,4592,574,ok,,0.5964774731890349,0.1,0.8745644599303136,0.4444444444444444,0.056338028169014086,0.21586875399998462,1.0,1000,none,0.5,1.0,
apr20_full_matrix_with_dl,baseline,7,,48,logistic_regression,5,5166,574,ok,,0.4656614785992218,0.0,0.8954703832752613,0.0,0.0,0.3111987309998767,1.0,1000,none,0.5,1.0,
apr20_full_matrix_with_dl,baseline,7,,48,majority_class,1,2870,574,ok,,0.5,0.0,0.5644599303135889,0.0,0.0,0.0003461809997133969,1.0,1000,none,0.5,1.0,
apr20_full_matrix_with_dl,baseline,7,,48,majority_class,2,3444,574,ok,,0.5,0.0,0.8501742160278746,0.0,0.0,0.00036078299990549567,1.0,1000,none,0.5,1.0,
apr20_full_matrix_with_dl,baseline,7,,48,majority_class,3,4018,574,ok,,0.5,0.0,0.8292682926829268,0.0,0.0,0.00034574599976622267,1.0,1000,none,0.5,1.0,
apr20_full_matrix_with_dl,baseline,7,,48,majority_class,4,4592,574,ok,,0.5,0.0,0.8763066202090593,0.0,0.0,0.0028852079999523994,1.0,1000,none,0.5,1.0,
apr20_full_matrix_with_dl,baseline,7,,48,majority_class,5,5166,574,ok,,0.5,0.0,0.8954703832752613,0.0,0.0,0.0004407300002640113,1.0,1000,none,0.5,1.0,
apr20_full_matrix_with_dl,baseline,8,8.0,107,dl_cibuild_default,1,2870,574,ok,,0.8861604938271604,0.8714859437751004,0.8885017421602788,0.875,0.868,67.43409070999951,1.0,1000,none,0.5,1.0,default
apr20_full_matrix_with_dl,baseline,8,8.0,108,dl_cibuild_default,2,3444,574,ok,,0.7069672131147541,0.5029239766081871,0.8519163763066202,0.5058823529411764,0.5,98.70666771000015,1.0,1000,none,0.5,1.0,default
apr20_full_matrix_with_dl,baseline,8,8.0,109,dl_cibuild_default,3,4018,574,ok,,0.7106842737094838,0.5148514851485149,0.8292682926829268,0.5,0.5306122448979592,108.47621918500045,1.0,1000,none,0.5,1.0,default
apr20_full_matrix_with_dl,baseline,8,8.0,110,dl_cibuild_default,4,4592,574,ok,,0.7053173914260914,0.4117647058823529,0.7909407665505227,0.3157894736842105,0.5915492957746479,119.60714964700037,1.0,1000,none,0.5,1.0,default
apr20_full_matrix_with_dl,baseline,8,8.0,111,dl_cibuild_default,5,5166,574,ok,,0.6066147859922179,0.26666666666666666,0.7700348432055749,0.2,0.4,115.7915205929994,1.0,1000,none,0.5,1.0,default
apr20_full_matrix_with_dl,baseline,8,,49,logistic_regression,1,2870,574,ok,,0.37466666666666665,0.3902439024390244,0.34668989547038326,0.3287671232876712,0.48,0.5876075829996807,1.0,1000,none,0.5,1.0,
apr20_full_matrix_with_dl,baseline,8,,49,logistic_regression,2,3444,574,ok,,0.4826772779260389,0.2206896551724138,0.4094076655052265,0.13753581661891118,0.5581395348837209,1.0783698150003147,1.0,1000,none,0.5,1.0,
apr20_full_matrix_with_dl,baseline,8,,49,logistic_regression,3,4018,574,ok,,0.5737866575201509,0.01904761904761905,0.8205574912891986,0.14285714285714285,0.01020408163265306,0.27505265699983283,1.0,1000,none,0.5,1.0,
apr20_full_matrix_with_dl,baseline,8,,49,logistic_regression,4,4592,574,ok,,0.5964774731890349,0.1,0.8745644599303136,0.4444444444444444,0.056338028169014086,0.4008663119998346,1.0,1000,none,0.5,1.0,
apr20_full_matrix_with_dl,baseline,8,,49,logistic_regression,5,5166,574,ok,,0.4656614785992218,0.0,0.8954703832752613,0.0,0.0,0.3334873690000677,1.0,1000,none,0.5,1.0,
apr20_full_matrix_with_dl,baseline,8,,49,majority_class,1,2870,574,ok,,0.5,0.0,0.5644599303135889,0.0,0.0,0.0003773910002564662,1.0,1000,none,0.5,1.0,
apr20_full_matrix_with_dl,baseline,8,,49,majority_class,2,3444,574,ok,,0.5,0.0,0.8501742160278746,0.0,0.0,0.000373986999875342,1.0,1000,none,0.5,1.0,
apr20_full_matrix_with_dl,baseline,8,,49,majority_class,3,4018,574,ok,,0.5,0.0,0.8292682926829268,0.0,0.0,0.00035430800016911235,1.0,1000,none,0.5,1.0,
apr20_full_matrix_with_dl,baseline,8,,49,majority_class,4,4592,574,ok,,0.5,0.0,0.8763066202090593,0.0,0.0,0.004508686000008311,1.0,1000,none,0.5,1.0,
apr20_full_matrix_with_dl,baseline,8,,49,majority_class,5,5166,574,ok,,0.5,0.0,0.8954703832752613,0.0,0.0,0.0004134989999329264,1.0,1000,none,0.5,1.0,
apr20_full_matrix_with_dl,baseline,9,9.0,108,dl_cibuild_default,1,2870,574,ok,,0.8827901234567902,0.8676171079429735,0.8867595818815331,0.8838174273858921,0.852,79.78654952499983,1.0,1000,none,0.5,1.0,default
apr20_full_matrix_with_dl,baseline,9,9.0,109,dl_cibuild_default,2,3444,574,ok,,0.707658215783454,0.4971751412429379,0.8449477351916377,0.4835164835164835,0.5116279069767442,95.61637414100005,1.0,1000,none,0.5,1.0,default
apr20_full_matrix_with_dl,baseline,9,9.0,110,dl_cibuild_default,3,4018,574,ok,,0.7106842737094838,0.5148514851485149,0.8292682926829268,0.5,0.5306122448979592,98.78149850000045,1.0,1000,none,0.5,1.0,default
apr20_full_matrix_with_dl,baseline,9,9.0,111,dl_cibuild_default,4,4592,574,ok,,0.6841906308627111,0.3880597014925373,0.7857142857142857,0.3,0.5492957746478874,109.06457410600069,1.0,1000,none,0.5,1.0,default
apr20_full_matrix_with_dl,baseline,9,9.0,112,dl_cibuild_default,5,5166,574,ok,,0.619390402075227,0.27956989247311825,0.7665505226480837,0.20634920634920634,0.43333333333333335,112.70276414499949,1.0,1000,none,0.5,1.0,default
apr20_full_matrix_with_dl,baseline,10,10.0,109,dl_cibuild_default,1,2870,574,ok,,0.8895308641975308,0.8752475247524752,0.8902439024390244,0.8666666666666667,0.884,80.66324738700041,1.0,1000,none,0.5,1.0,default
apr20_full_matrix_with_dl,baseline,10,10.0,110,dl_cibuild_default,2,3444,574,ok,,0.7056328631338162,0.4723618090452261,0.8170731707317073,0.415929203539823,0.5465116279069767,92.52078335599981,1.0,1000,none,0.5,1.0,default
apr20_full_matrix_with_dl,baseline,10,10.0,111,dl_cibuild_default,3,4018,574,ok,,0.7205882352941178,0.490272373540856,0.7717770034843205,0.39622641509433965,0.6428571428571429,101.64227750499958,1.0,1000,none,0.5,1.0,default
apr20_full_matrix_with_dl,baseline,10,10.0,112,dl_cibuild_default,4,4592,574,ok,,0.7051493853778736,0.425531914893617,0.8118466898954704,0.3418803418803419,0.5633802816901409,108.79688283300038,1.0,1000,none,0.5,1.0,default
apr20_full_matrix_with_dl,baseline,10,10.0,113,dl_cibuild_default,5,5166,574,ok,,0.6218871595330739,0.27979274611398963,0.7578397212543554,0.20300751879699247,0.45,113.96861798499958,1.0,1000,none,0.5,1.0,default
apr20_full_matrix_with_dl,baseline,11,11.0,110,dl_cibuild_default,1,2870,574,ok,,0.8820987654320988,0.8670520231213873,0.8797909407665505,0.8364312267657993,0.9,81.3483355039998,1.0,1000,none,0.5,1.0,default
apr20_full_matrix_with_dl,baseline,11,11.0,111,dl_cibuild_default,2,3444,574,ok,,0.7015106747998475,0.4808743169398907,0.8344947735191638,0.4536082474226804,0.5116279069767442,91.87729602999934,1.0,1000,none,0.5,1.0,default
apr20_full_matrix_with_dl,baseline,11,11.0,112,dl_cibuild_default,3,4018,574,ok,,0.7321428571428571,0.5121951219512195,0.7909407665505227,0.42567567567567566,0.6428571428571429,106.6739347799994,1.0,1000,none,0.5,1.0,default
apr20_full_matrix_with_dl,baseline,11,11.0,113,dl_cibuild_default,4,4592,574,ok,,0.6921429171450173,0.40414507772020725,0.7996515679442509,0.319672131147541,0.5492957746478874,105.10405750499922,1.0,1000,none,0.5,1.0,default
apr20_full_matrix_with_dl,baseline,11,11.0,114,dl_cibuild_default,5,5166,574,ok,,0.6226005188067445,0.2987012987012987,0.8118466898954704,0.24468085106382978,0.38333333333333336,113.51276880400019,1.0,1000,none,0.5,1.0,default
apr20_full_matrix_with_dl,baseline,12,12.0,111,dl_cibuild_default,1,2870,574,ok,,0.8843333333333332,0.8693877551020408,0.8885017421602788,0.8875,0.852,95.98216097000113,1.0,1000,none,0.5,1.0,default
apr20_full_matrix_with_dl,baseline,12,12.0,112,dl_cibuild_default,2,3444,574,ok,,0.7083730461303851,0.4729064039408867,0.813588850174216,0.41025641025641024,0.5581395348837209,97.62806511999952,1.0,1000,none,0.5,1.0,default
apr20_full_matrix_with_dl,baseline,12,12.0,113,dl_cibuild_default,3,4018,574,ok,,0.7085834333733494,0.5098039215686274,0.8257839721254355,0.49056603773584906,0.5306122448979592,103.18293502800043,1.0,1000,none,0.5,1.0,default
apr20_full_matrix_with_dl,baseline,12,12.0,114,dl_cibuild_default,4,4592,574,ok,,0.6942149917397026,0.4020100502512563,0.7926829268292683,0.3125,0.5633802816901409,111.73185962400021,1.0,1000,none,0.5,1.0,default
apr20_full_matrix_with_dl,baseline,12,12.0,115,dl_cibuild_default,5,5166,574,ok,,0.6204928664072634,0.27450980392156865,0.7421602787456446,0.19444444444444445,0.4666666666666667,112.30364557999928,1.0,1000,none,0.5,1.0,default
apr20_full_matrix_with_dl,long_history,1,1.0,100,dl_cibuild_default,1,2870,574,ok,,0.8839876543209876,0.8690476190476191,0.8850174216027874,0.8622047244094488,0.876,76.25102331299968,1.0,2000,balanced,0.5,1.0,default
apr20_full_matrix_with_dl,long_history,1,1.0,101,dl_cibuild_default,2,3444,574,ok,,0.7148541746092262,0.49473684210526314,0.8327526132404182,0.4519230769230769,0.5465116279069767,88.90063621199988,1.0,2000,balanced,0.5,1.0,default
apr20_full_matrix_with_dl,long_history,1,1.0,102,dl_cibuild_default,3,4018,574,ok,,0.7312424969987995,0.5145228215767634,0.7961672473867596,0.43356643356643354,0.6326530612244898,102.73136884900123,1.0,2000,balanced,0.5,1.0,default
apr20_full_matrix_with_dl,long_history,1,1.0,103,dl_cibuild_default,4,4592,574,ok,,0.6982751379049646,0.4039408866995074,0.789198606271777,0.3106060606060606,0.5774647887323944,105.70944266900005,1.0,2000,balanced,0.5,1.0,default
apr20_full_matrix_with_dl,long_history,1,1.0,104,dl_cibuild_default,5,5166,574,ok,,0.624383916990921,0.28,0.7491289198606271,0.2,0.4666666666666667,120.31818623800064,1.0,2000,balanced,0.5,1.0,default
apr20_full_matrix_with_dl,long_history,1,,42,logistic_regression,1,2870,574,ok,,0.38360493827160497,0.39143730886850153,0.30662020905923343,0.31683168316831684,0.512,0.21606048800094868,1.0,2000,balanced,0.5,1.0,
apr20_full_matrix_with_dl,long_history,1,,42,logistic_regression,2,3444,574,ok,,0.4812952725886389,0.26127527216174184,0.17247386759581881,0.15080789946140036,0.9767441860465116,0.2476262370000768,1.0,2000,balanced,0.5,1.0,
apr20_full_matrix_with_dl,long_history,1,,42,logistic_regression,3,4018,574,ok,,0.5633467672783399,0.05405405405405406,0.8170731707317073,0.23076923076923078,0.030612244897959183,0.26600186500036216,1.0,2000,balanced,0.5,1.0,
apr20_full_matrix_with_dl,long_history,1,,42,logistic_regression,4,4592,574,ok,,0.5973175034301235,0.2578397212543554,0.6289198606271778,0.1712962962962963,0.5211267605633803,0.32586284699937096,1.0,2000,balanced,0.5,1.0,
apr20_full_matrix_with_dl,long_history,1,,42,logistic_regression,5,5166,574,ok,,0.4651102464332036,0.06349206349206349,0.8972125435540069,0.6666666666666666,0.03333333333333333,0.19964045100095973,1.0,2000,balanced,0.5,1.0,
apr20_full_matrix_with_dl,long_history,1,,42,majority_class,1,2870,574,ok,,0.5,0.0,0.5644599303135889,0.0,0.0,0.0006306930008577183,1.0,2000,balanced,0.5,1.0,
apr20_full_matrix_with_dl,long_history,1,,42,majority_class,2,3444,574,ok,,0.5,0.0,0.8501742160278746,0.0,0.0,0.0003827379987342283,1.0,2000,balanced,0.5,1.0,
apr20_full_matrix_with_dl,long_history,1,,42,majority_class,3,4018,574,ok,,0.5,0.0,0.8292682926829268,0.0,0.0,0.0004163760004303185,1.0,2000,balanced,0.5,1.0,
apr20_full_matrix_with_dl,long_history,1,,42,majority_class,4,4592,574,ok,,0.5,0.0,0.8763066202090593,0.0,0.0,0.00040643799911777023,1.0,2000,balanced,0.5,1.0,
apr20_full_matrix_with_dl,long_history,1,,42,majority_class,5,5166,574,ok,,0.5,0.0,0.8954703832752613,0.0,0.0,0.0004221800008963328,1.0,2000,balanced,0.5,1.0,
apr20_full_matrix_with_dl,long_history,2,2.0,101,dl_cibuild_default,1,2870,574,ok,,0.880506172839506,0.8648648648648649,0.8867595818815331,0.9004329004329005,0.832,78.18171259700102,1.0,2000,balanced,0.5,1.0,default
apr20_full_matrix_with_dl,long_history,2,2.0,102,dl_cibuild_default,2,3444,574,ok,,0.7128049942813572,0.4895833333333333,0.8292682926829268,0.44339622641509435,0.5465116279069767,87.95874116999948,1.0,2000,balanced,0.5,1.0,default
apr20_full_matrix_with_dl,long_history,2,2.0,103,dl_cibuild_default,3,4018,574,ok,,0.7262905162064827,0.5128205128205128,0.8013937282229965,0.4411764705882353,0.6122448979591837,104.85052557700146,1.0,2000,balanced,0.5,1.0,default
apr20_full_matrix_with_dl,long_history,2,2.0,104,dl_cibuild_default,4,4592,574,ok,,0.7000952034273235,0.42162162162162165,0.813588850174216,0.34210526315789475,0.5492957746478874,107.40917260200149,1.0,2000,balanced,0.5,1.0,default
apr20_full_matrix_with_dl,long_history,2,2.0,105,dl_cibuild_default,5,5166,574,ok,,0.6277237354085603,0.2887700534759358,0.7682926829268293,0.2125984251968504,0.45,114.22026935800022,1.0,2000,balanced,0.5,1.0,default
apr20_full_matrix_with_dl,long_history,2,,43,logistic_regression,1,2870,574,ok,,0.38360493827160497,0.39143730886850153,0.30662020905923343,0.31683168316831684,0.512,0.4419369759998517,1.0,2000,balanced,0.5,1.0,
apr20_full_matrix_with_dl,long_history,2,,43,logistic_regression,2,3444,574,ok,,0.4812952725886389,0.26127527216174184,0.17247386759581881,0.15080789946140036,0.9767441860465116,0.14314385899888293,1.0,2000,balanced,0.5,1.0,
apr20_full_matrix_with_dl,long_history,2,,43,logistic_regression,3,4018,574,ok,,0.5633467672783399,0.05405405405405406,0.8170731707317073,0.23076923076923078,0.030612244897959183,0.3884142200004135,1.0,2000,balanced,0.5,1.0,
apr20_full_matrix_with_dl,long_history,2,,43,logistic_regression,4,4592,574,ok,,0.5973175034301235,0.2578397212543554,0.6289198606271778,0.1712962962962963,0.5211267605633803,0.09774113300045428,1.0,2000,balanced,0.5,1.0,
apr20_full_matrix_with_dl,long_history,2,,43,logistic_regression,5,5166,574,ok,,0.4651102464332036,0.06349206349206349,0.8972125435540069,0.6666666666666666,0.03333333333333333,0.1449368109988427,1.0,2000,balanced,0.5,1.0,
apr20_full_matrix_with_dl,long_history,2,,43,majority_class,1,2870,574,ok,,0.5,0.0,0.5644599303135889,0.0,0.0,0.00037177500053076074,1.0,2000,balanced,0.5,1.0,
apr20_full_matrix_with_dl,long_history,2,,43,majority_class,2,3444,574,ok,,0.5,0.0,0.8501742160278746,0.0,0.0,0.00039836999894760083,1.0,2000,balanced,0.5,1.0,
apr20_full_matrix_with_dl,long_history,2,,43,majority_class,3,4018,574,ok,,0.5,0.0,0.8292682926829268,0.0,0.0,0.000368791999790119,1.0,2000,balanced,0.5,1.0,
apr20_full_matrix_with_dl,long_history,2,,43,majority_class,4,4592,574,ok,,0.5,0.0,0.8763066202090593,0.0,0.0,0.0003903239994542673,1.0,2000,balanced,0.5,1.0,
apr20_full_matrix_with_dl,long_history,2,,43,majority_class,5,5166,574,ok,,0.5,0.0,0.8954703832752613,0.0,0.0,0.0004025979997095419,1.0,2000,balanced,0.5,1.0,
apr20_full_matrix_with_dl,long_history,3,3.0,102,dl_cibuild_default,1,2870,574,ok,,0.8857037037037037,0.8709677419354839,0.8885017421602788,0.8780487804878049,0.864,76.64292576499975,1.0,2000,balanced,0.5,1.0,default
apr20_full_matrix_with_dl,long_history,3,3.0,103,dl_cibuild_default,2,3444,574,ok,,0.7042508577964163,0.48128342245989303,0.8310104529616724,0.44554455445544555,0.5232558139534884,95.07650877100059,1.0,2000,balanced,0.5,1.0,default
apr20_full_matrix_with_dl,long_history,3,3.0,104,dl_cibuild_default,3,4018,574,ok,,0.7198379351740697,0.4959349593495935,0.7839721254355401,0.41216216216216217,0.6224489795918368,106.49996126099904,1.0,2000,balanced,0.5,1.0,default
apr20_full_matrix_with_dl,long_history,3,3.0,105,dl_cibuild_default,4,4592,574,ok,,0.6876767563632291,0.36585365853658536,0.7282229965156795,0.2571428571428571,0.6338028169014085,116.43784472200059,1.0,2000,balanced,0.5,1.0,default
apr20_full_matrix_with_dl,long_history,3,3.0,106,dl_cibuild_default,5,5166,574,ok,,0.6102464332036316,0.2898550724637681,0.8292682926829268,0.2564102564102564,0.3333333333333333,122.49549294499957,1.0,2000,balanced,0.5,1.0,default
apr20_full_matrix_with_dl,long_history,3,,44,logistic_regression,1,2870,574,ok,,0.38360493827160497,0.39143730886850153,0.30662020905923343,0.31683168316831684,0.512,0.15703684400068596,1.0,2000,balanced,0.5,1.0,
apr20_full_matrix_with_dl,long_history,3,,44,logistic_regression,2,3444,574,ok,,0.4812952725886389,0.26127527216174184,0.17247386759581881,0.15080789946140036,0.9767441860465116,0.10417837199929636,1.0,2000,balanced,0.5,1.0,
apr20_full_matrix_with_dl,long_history,3,,44,logistic_regression,3,4018,574,ok,,0.5633467672783399,0.05405405405405406,0.8170731707317073,0.23076923076923078,0.030612244897959183,0.3382145790001232,1.0,2000,balanced,0.5,1.0,
apr20_full_matrix_with_dl,long_history,3,,44,logistic_regression,4,4592,574,ok,,0.5973175034301235,0.2578397212543554,0.6289198606271778,0.1712962962962963,0.5211267605633803,0.2590127080002276,1.0,2000,balanced,0.5,1.0,
apr20_full_matrix_with_dl,long_history,3,,44,logistic_regression,5,5166,574,ok,,0.4651102464332036,0.06349206349206349,0.8972125435540069,0.6666666666666666,0.03333333333333333,0.13425544100027764,1.0,2000,balanced,0.5,1.0,
apr20_full_matrix_with_dl,long_history,3,,44,majority_class,1,2870,574,ok,,0.5,0.0,0.5644599303135889,0.0,0.0,0.0003873000005114591,1.0,2000,balanced,0.5,1.0,
apr20_full_matrix_with_dl,long_history,3,,44,majority_class,2,3444,574,ok,,0.5,0.0,0.8501742160278746,0.0,0.0,0.0003878939987771446,1.0,2000,balanced,0.5,1.0,
apr20_full_matrix_with_dl,long_history,3,,44,majority_class,3,4018,574,ok,,0.5,0.0,0.8292682926829268,0.0,0.0,0.0003793639989453368,1.0,2000,balanced,0.5,1.0,
apr20_full_matrix_with_dl,long_history,3,,44,majority_class,4,4592,574,ok,,0.5,0.0,0.8763066202090593,0.0,0.0,0.0003866139995807316,1.0,2000,balanced,0.5,1.0,
apr20_full_matrix_with_dl,long_history,3,,44,majority_class,5,5166,574,ok,,0.5,0.0,0.8954703832752613,0.0,0.0,0.0003988499993283767,1.0,2000,balanced,0.5,1.0,
apr20_full_matrix_with_dl,long_history,4,4.0,103,dl_cibuild_default,1,2870,574,ok,,0.8883333333333332,0.8739837398373984,0.89198606271777,0.8884297520661157,0.86,99.2758698939997,1.0,2000,balanced,0.5,1.0,default
apr20_full_matrix_with_dl,long_history,4,4.0,104,dl_cibuild_default,2,3444,574,ok,,0.7022255051467785,0.45933014354066987,0.8031358885017421,0.3902439024390244,0.5581395348837209,88.58368260700081,1.0,2000,balanced,0.5,1.0,default
apr20_full_matrix_with_dl,long_history,4,4.0,105,dl_cibuild_default,3,4018,574,ok,,0.7106842737094838,0.5148514851485149,0.8292682926829268,0.5,0.5306122448979592,99.48008677399957,1.0,2000,balanced,0.5,1.0,default
apr20_full_matrix_with_dl,long_history,4,4.0,106,dl_cibuild_default,4,4592,574,ok,,0.7062274241872708,0.4205128205128205,0.8031358885017421,0.33064516129032256,0.5774647887323944,104.91233273999933,1.0,2000,balanced,0.5,1.0,default
apr20_full_matrix_with_dl,long_history,4,4.0,107,dl_cibuild_default,5,5166,574,ok,,0.6125810635538262,0.2694300518134715,0.7543554006968641,0.19548872180451127,0.43333333333333335,114.57755831100076,1.0,2000,balanced,0.5,1.0,default
apr20_full_matrix_with_dl,long_history,4,,45,logistic_regression,1,2870,574,ok,,0.38360493827160497,0.39143730886850153,0.30662020905923343,0.31683168316831684,0.512,0.10197451199928764,1.0,2000,balanced,0.5,1.0,
apr20_full_matrix_with_dl,long_history,4,,45,logistic_regression,2,3444,574,ok,,0.4812952725886389,0.26127527216174184,0.17247386759581881,0.15080789946140036,0.9767441860465116,0.1852760669989948,1.0,2000,balanced,0.5,1.0,
apr20_full_matrix_with_dl,long_history,4,,45,logistic_regression,3,4018,574,ok,,0.5633467672783399,0.05405405405405406,0.8170731707317073,0.23076923076923078,0.030612244897959183,0.23505313599889632,1.0,2000,balanced,0.5,1.0,
apr20_full_matrix_with_dl,long_history,4,,45,logistic_regression,4,4592,574,ok,,0.5973175034301235,0.2578397212543554,0.6289198606271778,0.1712962962962963,0.5211267605633803,0.3274969680005597,1.0,2000,balanced,0.5,1.0,
apr20_full_matrix_with_dl,long_history,4,,45,logistic_regression,5,5166,574,ok,,0.4651102464332036,0.06349206349206349,0.8972125435540069,0.6666666666666666,0.03333333333333333,0.3018869299994549,1.0,2000,balanced,0.5,1.0,
apr20_full_matrix_with_dl,long_history,4,,45,majority_class,1,2870,574,ok,,0.5,0.0,0.5644599303135889,0.0,0.0,0.0003433339988987427,1.0,2000,balanced,0.5,1.0,
apr20_full_matrix_with_dl,long_history,4,,45,majority_class,2,3444,574,ok,,0.5,0.0,0.8501742160278746,0.0,0.0,0.0003597450013330672,1.0,2000,balanced,0.5,1.0,
apr20_full_matrix_with_dl,long_history,4,,45,majority_class,3,4018,574,ok,,0.5,0.0,0.8292682926829268,0.0,0.0,0.00040461500066157896,1.0,2000,balanced,0.5,1.0,
apr20_full_matrix_with_dl,long_history,4,,45,majority_class,4,4592,574,ok,,0.5,0.0,0.8763066202090593,0.0,0.0,0.0003765419987757923,1.0,2000,balanced,0.5,1.0,
apr20_full_matrix_with_dl,long_history,4,,45,majority_class,5,5166,574,ok,,0.5,0.0,0.8954703832752613,0.0,0.0,0.0004273909999028547,1.0,2000,balanced,0.5,1.0,
apr20_full_matrix_with_dl,long_history,5,5.0,104,dl_cibuild_default,1,2870,574,ok,,0.8921604938271605,0.8782435129740519,0.8937282229965157,0.8764940239043825,0.88,86.90718937299971,1.0,2000,balanced,0.5,1.0,default
apr20_full_matrix_with_dl,long_history,5,5.0,105,dl_cibuild_default,2,3444,574,ok,,0.7045844452916508,0.4888888888888889,0.8397212543554007,0.46808510638297873,0.5116279069767442,78.98176443400007,1.0,2000,balanced,0.5,1.0,default
apr20_full_matrix_with_dl,long_history,5,5.0,106,dl_cibuild_default,3,4018,574,ok,,0.7163865546218487,0.509090909090909,0.8118466898954704,0.45901639344262296,0.5714285714285714,102.70855883199874,1.0,2000,balanced,0.5,1.0,default
apr20_full_matrix_with_dl,long_history,5,5.0,107,dl_cibuild_default,4,4592,574,ok,,0.7024192870943354,0.4,0.7752613240418118,0.2986111111111111,0.6056338028169014,110.69729614800053,1.0,2000,balanced,0.5,1.0,default
apr20_full_matrix_with_dl,long_history,5,5.0,108,dl_cibuild_default,5,5166,574,ok,,0.6204928664072634,0.27450980392156865,0.7421602787456446,0.19444444444444445,0.4666666666666667,114.62386307399902,1.0,2000,balanced,0.5,1.0,default
apr20_full_matrix_with_dl,long_history,5,,46,logistic_regression,1,2870,574,ok,,0.38360493827160497,0.39143730886850153,0.30662020905923343,0.31683168316831684,0.512,0.9495009269994625,1.0,2000,balanced,0.5,1.0,
apr20_full_matrix_with_dl,long_history,5,,46,logistic_regression,2,3444,574,ok,,0.4812952725886389,0.26127527216174184,0.17247386759581881,0.15080789946140036,0.9767441860465116,0.5809387270001025,1.0,2000,balanced,0.5,1.0,
apr20_full_matrix_with_dl,long_history,5,,46,logistic_regression,3,4018,574,ok,,0.5633467672783399,0.05405405405405406,0.8170731707317073,0.23076923076923078,0.030612244897959183,0.4046330439996382,1.0,2000,balanced,0.5,1.0,
apr20_full_matrix_with_dl,long_history,5,,46,logistic_regression,4,4592,574,ok,,0.5973175034301235,0.2578397212543554,0.6289198606271778,0.1712962962962963,0.5211267605633803,0.3828261210001074,1.0,2000,balanced,0.5,1.0,
apr20_full_matrix_with_dl,long_history,5,,46,logistic_regression,5,5166,574,ok,,0.4651102464332036,0.06349206349206349,0.8972125435540069,0.6666666666666666,0.03333333333333333,0.6109426689999964,1.0,2000,balanced,0.5,1.0,
apr20_full_matrix_with_dl,long_history,5,,46,majority_class,1,2870,574,ok,,0.5,0.0,0.5644599303135889,0.0,0.0,0.00035332100014784373,1.0,2000,balanced,0.5,1.0,
apr20_full_matrix_with_dl,long_history,5,,46,majority_class,2,3444,574,ok,,0.5,0.0,0.8501742160278746,0.0,0.0,0.004474190000109957,1.0,2000,balanced,0.5,1.0,
apr20_full_matrix_with_dl,long_history,5,,46,majority_class,3,4018,574,ok,,0.5,0.0,0.8292682926829268,0.0,0.0,0.00044270799844525754,1.0,2000,balanced,0.5,1.0,
apr20_full_matrix_with_dl,long_history,5,,46,majority_class,4,4592,574,ok,,0.5,0.0,0.8763066202090593,0.0,0.0,0.0004316439990361687,1.0,2000,balanced,0.5,1.0,
apr20_full_matrix_with_dl,long_history,5,,46,majority_class,5,5166,574,ok,,0.5,0.0,0.8954703832752613,0.0,0.0,0.0004647149999073008,1.0,2000,balanced,0.5,1.0,
apr20_full_matrix_with_dl,long_history,6,6.0,105,dl_cibuild_default,1,2870,574,ok,,0.8814197530864197,0.865979381443299,0.8867595818815331,0.8936170212765957,0.84,70.75140341199949,1.0,2000,balanced,0.5,1.0,default
apr20_full_matrix_with_dl,long_history,6,6.0,106,dl_cibuild_default,2,3444,574,ok,,0.7008196721311476,0.4858757062146893,0.8414634146341463,0.4725274725274725,0.5,88.30314762300077,1.0,2000,balanced,0.5,1.0,default
apr20_full_matrix_with_dl,long_history,6,6.0,107,dl_cibuild_default,3,4018,574,ok,,0.7258403361344538,0.5,0.7804878048780488,0.4090909090909091,0.6428571428571429,98.9964074440013,1.0,2000,balanced,0.5,1.0,default
apr20_full_matrix_with_dl,long_history,6,6.0,108,dl_cibuild_default,4,4592,574,ok,,0.6900708425503318,0.40641711229946526,0.8066202090592335,0.3275862068965517,0.5352112676056338,107.04660048599908,1.0,2000,balanced,0.5,1.0,default
apr20_full_matrix_with_dl,long_history,6,6.0,109,dl_cibuild_default,5,5166,574,ok,,0.6179961089494164,0.27411167512690354,0.7508710801393729,0.19708029197080293,0.45,132.16479832599907,1.0,2000,balanced,0.5,1.0,default
apr20_full_matrix_with_dl,long_history,6,,47,logistic_regression,1,2870,574,ok,,0.38360493827160497,0.39143730886850153,0.30662020905923343,0.31683168316831684,0.512,0.19039177800004836,1.0,2000,balanced,0.5,1.0,
apr20_full_matrix_with_dl,long_history,6,,47,logistic_regression,2,3444,574,ok,,0.4812952725886389,0.26127527216174184,0.17247386759581881,0.15080789946140036,0.9767441860465116,0.20130180999876757,1.0,2000,balanced,0.5,1.0,
apr20_full_matrix_with_dl,long_history,6,,47,logistic_regression,3,4018,574,ok,,0.5633467672783399,0.05405405405405406,0.8170731707317073,0.23076923076923078,0.030612244897959183,0.20789487899855885,1.0,2000,balanced,0.5,1.0,
apr20_full_matrix_with_dl,long_history,6,,47,logistic_regression,4,4592,574,ok,,0.5973175034301235,0.2578397212543554,0.6289198606271778,0.1712962962962963,0.5211267605633803,0.3052073479993851,1.0,2000,balanced,0.5,1.0,
apr20_full_matrix_with_dl,long_history,6,,47,logistic_regression,5,5166,574,ok,,0.4651102464332036,0.06349206349206349,0.8972125435540069,0.6666666666666666,0.03333333333333333,0.3382518540001911,1.0,2000,balanced,0.5,1.0,
apr20_full_matrix_with_dl,long_history,6,,47,majority_class,1,2870,574,ok,,0.5,0.0,0.5644599303135889,0.0,0.0,0.00035557800038077403,1.0,2000,balanced,0.5,1.0,
apr20_full_matrix_with_dl,long_history,6,,47,majority_class,2,3444,574,ok,,0.5,0.0,0.8501742160278746,0.0,0.0,0.00038815699917904567,1.0,2000,balanced,0.5,1.0,
apr20_full_matrix_with_dl,long_history,6,,47,majority_class,3,4018,574,ok,,0.5,0.0,0.8292682926829268,0.0,0.0,0.00037289199826773256,1.0,2000,balanced,0.5,1.0,
apr20_full_matrix_with_dl,long_history,6,,47,majority_class,4,4592,574,ok,,0.5,0.0,0.8763066202090593,0.0,0.0,0.0003969229983340483,1.0,2000,balanced,0.5,1.0,
apr20_full_matrix_with_dl,long_history,6,,47,majority_class,5,5166,574,ok,,0.5,0.0,0.8954703832752613,0.0,0.0,0.00038271199991868343,1.0,2000,balanced,0.5,1.0,
apr20_full_matrix_with_dl,long_history,7,7.0,106,dl_cibuild_default,1,2870,574,ok,,0.8847901234567901,0.8699186991869918,0.8885017421602788,0.8842975206611571,0.856,76.76637102000132,1.0,2000,balanced,0.5,1.0,default
apr20_full_matrix_with_dl,long_history,7,7.0,107,dl_cibuild_default,2,3444,574,ok,,0.7063238658025163,0.4682926829268293,0.8101045296167247,0.40336134453781514,0.5581395348837209,92.67875617500067,1.0,2000,balanced,0.5,1.0,default
apr20_full_matrix_with_dl,long_history,7,7.0,108,dl_cibuild_default,3,4018,574,ok,,0.7264405762304922,0.49070631970260226,0.7613240418118467,0.38596491228070173,0.673469387755102,103.41382309799883,1.0,2000,balanced,0.5,1.0,default
apr20_full_matrix_with_dl,long_history,7,7.0,109,dl_cibuild_default,4,4592,574,ok,,0.7023352840702266,0.4057971014492754,0.7857142857142857,0.3088235294117647,0.5915492957746479,108.16473167200093,1.0,2000,balanced,0.5,1.0,default
apr20_full_matrix_with_dl,long_history,7,7.0,110,dl_cibuild_default,5,5166,574,ok,,0.614396887159533,0.27906976744186046,0.7839721254355401,0.21428571428571427,0.4,123.0240521529995,1.0,2000,balanced,0.5,1.0,default
apr20_full_matrix_with_dl,long_history,7,,48,logistic_regression,1,2870,574,ok,,0.38360493827160497,0.39143730886850153,0.30662020905923343,0.31683168316831684,0.512,0.28976460699959716,1.0,2000,balanced,0.5,1.0,
apr20_full_matrix_with_dl,long_history,7,,48,logistic_regression,2,3444,574,ok,,0.4812952725886389,0.26127527216174184,0.17247386759581881,0.15080789946140036,0.9767441860465116,0.3218918239999766,1.0,2000,balanced,0.5,1.0,
apr20_full_matrix_with_dl,long_history,7,,48,logistic_regression,3,4018,574,ok,,0.5633467672783399,0.05405405405405406,0.8170731707317073,0.23076923076923078,0.030612244897959183,0.0842238349996478,1.0,2000,balanced,0.5,1.0,
apr20_full_matrix_with_dl,long_history,7,,48,logistic_regression,4,4592,574,ok,,0.5973175034301235,0.2578397212543554,0.6289198606271778,0.1712962962962963,0.5211267605633803,0.1607518410000921,1.0,2000,balanced,0.5,1.0,
apr20_full_matrix_with_dl,long_history,7,,48,logistic_regression,5,5166,574,ok,,0.4651102464332036,0.06349206349206349,0.8972125435540069,0.6666666666666666,0.03333333333333333,0.2548579529993731,1.0,2000,balanced,0.5,1.0,
apr20_full_matrix_with_dl,long_history,7,,48,majority_class,1,2870,574,ok,,0.5,0.0,0.5644599303135889,0.0,0.0,0.000403223999455804,1.0,2000,balanced,0.5,1.0,
apr20_full_matrix_with_dl,long_history,7,,48,majority_class,2,3444,574,ok,,0.5,0.0,0.8501742160278746,0.0,0.0,0.0004402369995659683,1.0,2000,balanced,0.5,1.0,
apr20_full_matrix_with_dl,long_history,7,,48,majority_class,3,4018,574,ok,,0.5,0.0,0.8292682926829268,0.0,0.0,0.00039146299968706444,1.0,2000,balanced,0.5,1.0,
apr20_full_matrix_with_dl,long_history,7,,48,majority_class,4,4592,574,ok,,0.5,0.0,0.8763066202090593,0.0,0.0,0.0003984220002166694,1.0,2000,balanced,0.5,1.0,
apr20_full_matrix_with_dl,long_history,7,,48,majority_class,5,5166,574,ok,,0.5,0.0,0.8954703832752613,0.0,0.0,0.0003893730008712737,1.0,2000,balanced,0.5,1.0,
apr20_full_matrix_with_dl,long_history,8,8.0,107,dl_cibuild_default,1,2870,574,ok,,0.8861604938271604,0.8714859437751004,0.8885017421602788,0.875,0.868,71.73421658299958,1.0,2000,balanced,0.5,1.0,default
apr20_full_matrix_with_dl,long_history,8,8.0,108,dl_cibuild_default,2,3444,574,ok,,0.7069672131147541,0.5029239766081871,0.8519163763066202,0.5058823529411764,0.5,84.77968783399956,1.0,2000,balanced,0.5,1.0,default
apr20_full_matrix_with_dl,long_history,8,8.0,109,dl_cibuild_default,3,4018,574,ok,,0.7106842737094838,0.5148514851485149,0.8292682926829268,0.5,0.5306122448979592,98.9803782859999,1.0,2000,balanced,0.5,1.0,default
apr20_full_matrix_with_dl,long_history,8,8.0,110,dl_cibuild_default,4,4592,574,ok,,0.7053173914260914,0.4117647058823529,0.7909407665505227,0.3157894736842105,0.5915492957746479,105.24970045099872,1.0,2000,balanced,0.5,1.0,default
apr20_full_matrix_with_dl,long_history,8,8.0,111,dl_cibuild_default,5,5166,574,ok,,0.6066147859922179,0.26666666666666666,0.7700348432055749,0.2,0.4,111.97537263000049,1.0,2000,balanced,0.5,1.0,default
apr20_full_matrix_with_dl,long_history,8,,49,logistic_regression,1,2870,574,ok,,0.38360493827160497,0.39143730886850153,0.30662020905923343,0.31683168316831684,0.512,0.11669237699970836,1.0,2000,balanced,0.5,1.0,
apr20_full_matrix_with_dl,long_history,8,,49,logistic_regression,2,3444,574,ok,,0.4812952725886389,0.26127527216174184,0.17247386759581881,0.15080789946140036,0.9767441860465116,0.2851878919991577,1.0,2000,balanced,0.5,1.0,
apr20_full_matrix_with_dl,long_history,8,,49,logistic_regression,3,4018,574,ok,,0.5633467672783399,0.05405405405405406,0.8170731707317073,0.23076923076923078,0.030612244897959183,0.26174703300057445,1.0,2000,balanced,0.5,1.0,
apr20_full_matrix_with_dl,long_history,8,,49,logistic_regression,4,4592,574,ok,,0.5973175034301235,0.2578397212543554,0.6289198606271778,0.1712962962962963,0.5211267605633803,0.1287211800008663,1.0,2000,balanced,0.5,1.0,
apr20_full_matrix_with_dl,long_history,8,,49,logistic_regression,5,5166,574,ok,,0.4651102464332036,0.06349206349206349,0.8972125435540069,0.6666666666666666,0.03333333333333333,0.4024882699995942,1.0,2000,balanced,0.5,1.0,
apr20_full_matrix_with_dl,long_history,8,,49,majority_class,1,2870,574,ok,,0.5,0.0,0.5644599303135889,0.0,0.0,0.00040300799992110115,1.0,2000,balanced,0.5,1.0,
apr20_full_matrix_with_dl,long_history,8,,49,majority_class,2,3444,574,ok,,0.5,0.0,0.8501742160278746,0.0,0.0,0.0003450029998930404,1.0,2000,balanced,0.5,1.0,
apr20_full_matrix_with_dl,long_history,8,,49,majority_class,3,4018,574,ok,,0.5,0.0,0.8292682926829268,0.0,0.0,0.0004126639996684389,1.0,2000,balanced,0.5,1.0,
apr20_full_matrix_with_dl,long_history,8,,49,majority_class,4,4592,574,ok,,0.5,0.0,0.8763066202090593,0.0,0.0,0.00040961500053526834,1.0,2000,balanced,0.5,1.0,
apr20_full_matrix_with_dl,long_history,8,,49,majority_class,5,5166,574,ok,,0.5,0.0,0.8954703832752613,0.0,0.0,0.0003804759999184171,1.0,2000,balanced,0.5,1.0,
apr20_full_matrix_with_dl,long_history,9,9.0,108,dl_cibuild_default,1,2870,574,ok,,0.8827901234567902,0.8676171079429735,0.8867595818815331,0.8838174273858921,0.852,82.25236915599999,1.0,2000,balanced,0.5,1.0,default
apr20_full_matrix_with_dl,long_history,9,9.0,109,dl_cibuild_default,2,3444,574,ok,,0.707658215783454,0.4971751412429379,0.8449477351916377,0.4835164835164835,0.5116279069767442,97.2581816689999,1.0,2000,balanced,0.5,1.0,default
apr20_full_matrix_with_dl,long_history,9,9.0,110,dl_cibuild_default,3,4018,574,ok,,0.7106842737094838,0.5148514851485149,0.8292682926829268,0.5,0.5306122448979592,103.40824961200087,1.0,2000,balanced,0.5,1.0,default
apr20_full_matrix_with_dl,long_history,9,9.0,111,dl_cibuild_default,4,4592,574,ok,,0.6841906308627111,0.3880597014925373,0.7857142857142857,0.3,0.5492957746478874,104.07517729100073,1.0,2000,balanced,0.5,1.0,default
apr20_full_matrix_with_dl,long_history,9,9.0,112,dl_cibuild_default,5,5166,574,ok,,0.619390402075227,0.27956989247311825,0.7665505226480837,0.20634920634920634,0.43333333333333335,112.71804953699939,1.0,2000,balanced,0.5,1.0,default
apr20_full_matrix_with_dl,long_history,10,10.0,109,dl_cibuild_default,1,2870,574,ok,,0.8895308641975308,0.8752475247524752,0.8902439024390244,0.8666666666666667,0.884,89.16391281600045,1.0,2000,balanced,0.5,1.0,default
apr20_full_matrix_with_dl,long_history,10,10.0,110,dl_cibuild_default,2,3444,574,ok,,0.7056328631338162,0.4723618090452261,0.8170731707317073,0.415929203539823,0.5465116279069767,95.20515181100018,1.0,2000,balanced,0.5,1.0,default
apr20_full_matrix_with_dl,long_history,10,10.0,111,dl_cibuild_default,3,4018,574,ok,,0.7205882352941178,0.490272373540856,0.7717770034843205,0.39622641509433965,0.6428571428571429,100.46025884600022,1.0,2000,balanced,0.5,1.0,default
apr20_full_matrix_with_dl,long_history,10,10.0,112,dl_cibuild_default,4,4592,574,ok,,0.7051493853778736,0.425531914893617,0.8118466898954704,0.3418803418803419,0.5633802816901409,111.08843571599937,1.0,2000,balanced,0.5,1.0,default
apr20_full_matrix_with_dl,long_history,10,10.0,113,dl_cibuild_default,5,5166,574,ok,,0.6218871595330739,0.27979274611398963,0.7578397212543554,0.20300751879699247,0.45,114.11549609999929,1.0,2000,balanced,0.5,1.0,default
apr20_full_matrix_with_dl,long_history,11,11.0,110,dl_cibuild_default,1,2870,574,ok,,0.8820987654320988,0.8670520231213873,0.8797909407665505,0.8364312267657993,0.9,88.05362214100023,1.0,2000,balanced,0.5,1.0,default
apr20_full_matrix_with_dl,long_history,11,11.0,111,dl_cibuild_default,2,3444,574,ok,,0.7015106747998475,0.4808743169398907,0.8344947735191638,0.4536082474226804,0.5116279069767442,102.22841331499876,1.0,2000,balanced,0.5,1.0,default
apr20_full_matrix_with_dl,long_history,11,11.0,112,dl_cibuild_default,3,4018,574,ok,,0.7321428571428571,0.5121951219512195,0.7909407665505227,0.42567567567567566,0.6428571428571429,99.50510147300156,1.0,2000,balanced,0.5,1.0,default
apr20_full_matrix_with_dl,long_history,11,11.0,113,dl_cibuild_default,4,4592,574,ok,,0.6921429171450173,0.40414507772020725,0.7996515679442509,0.319672131147541,0.5492957746478874,109.87727934800023,1.0,2000,balanced,0.5,1.0,default
apr20_full_matrix_with_dl,long_history,11,11.0,114,dl_cibuild_default,5,5166,574,ok,,0.6226005188067445,0.2987012987012987,0.8118466898954704,0.24468085106382978,0.38333333333333336,113.58176781400107,1.0,2000,balanced,0.5,1.0,default
apr20_full_matrix_with_dl,long_history,12,12.0,111,dl_cibuild_default,1,2870,574,ok,,0.8843333333333332,0.8693877551020408,0.8885017421602788,0.8875,0.852,77.86663181900076,1.0,2000,balanced,0.5,1.0,default
apr20_full_matrix_with_dl,long_history,12,12.0,112,dl_cibuild_default,2,3444,574,ok,,0.7083730461303851,0.4729064039408867,0.813588850174216,0.41025641025641024,0.5581395348837209,100.66061529699982,1.0,2000,balanced,0.5,1.0,default
apr20_full_matrix_with_dl,long_history,12,12.0,113,dl_cibuild_default,3,4018,574,ok,,0.7085834333733494,0.5098039215686274,0.8257839721254355,0.49056603773584906,0.5306122448979592,103.34413582100024,1.0,2000,balanced,0.5,1.0,default
apr20_full_matrix_with_dl,long_history,12,12.0,114,dl_cibuild_default,4,4592,574,ok,,0.6942149917397026,0.4020100502512563,0.7926829268292683,0.3125,0.5633802816901409,111.74311142199986,1.0,2000,balanced,0.5,1.0,default
apr20_full_matrix_with_dl,long_history,12,12.0,115,dl_cibuild_default,5,5166,574,ok,,0.6204928664072634,0.27450980392156865,0.7421602787456446,0.19444444444444445,0.4666666666666667,110.21507578099954,1.0,2000,balanced,0.5,1.0,default
